{"stats":{"minecraft:custom":{"minecraft:time_since_rest":22988,"minecraft:sprint_one_cm":20608,"minecraft:walk_one_cm":41358,"minecraft:damage_taken":1171,"minecraft:damage_absorbed":121,"minecraft:drop":17,"minecraft:damage_dealt":552,"minecraft:fly_one_cm":19295,"minecraft:crouch_one_cm":3881,"minecraft:play_one_minute":27266,"minecraft:deaths":3,"minecraft:sneak_time":2442,"minecraft:walk_under_water_one_cm":230,"minecraft:jump":184,"minecraft:leave_game":3,"minecraft:walk_on_water_one_cm":151,"minecraft:time_since_death":22962,"minecraft:climb_one_cm":992,"minecraft:fall_one_cm":3030},"minecraft:killed_by":{"minecraft:player":3},"minecraft:used":{"minecraft:netherite_sword":8,"minecraft:water_bucket":2,"minecraft:golden_apple":3,"minecraft:dirt":19,"minecraft:bow":27,"minecraft:netherite_pickaxe":4,"minecraft:bucket":2,"minecraft:cooked_beef":3},"minecraft:picked_up":{"minecraft:netherite_boots":2,"minecraft:dark_oak_slab":1,"minecraft:flower_pot":1,"minecraft:dandelion":1,"minecraft:netherite_pickaxe":2,"minecraft:netherite_leggings":2,"minecraft:dirt":2,"minecraft:arrow":64,"minecraft:oak_sign":1,"minecraft:bow":1,"minecraft:netherite_helmet":6,"minecraft:netherite_sword":2,"minecraft:golden_apple":32,"minecraft:oak_button":4,"minecraft:totem_of_undying":4,"minecraft:poppy":1,"minecraft:netherite_chestplate":2,"minecraft:bricks":1,"minecraft:spruce_trapdoor":1},"minecraft:mined":{"minecraft:dark_oak_slab":1,"minecraft:heavy_weighted_pressure_plate":1,"minecraft:cobweb":2,"minecraft:bricks":2},"minecraft:dropped":{"minecraft:netherite_pickaxe":1,"minecraft:shield":1,"minecraft:netherite_sword":1,"minecraft:netherite_chestplate":2,"minecraft:netherite_boots":2,"minecraft:netherite_helmet":8,"minecraft:netherite_leggings":2}},"DataVersion":2586}