{"stats":{"minecraft:custom":{"minecraft:time_since_rest":24688,"minecraft:sprint_one_cm":22032,"minecraft:walk_one_cm":30468,"minecraft:damage_taken":684,"minecraft:damage_absorbed":358,"minecraft:interact_with_anvil":6,"minecraft:drop":16,"minecraft:damage_dealt":998,"minecraft:swim_one_cm":67,"minecraft:fly_one_cm":32688,"minecraft:player_kills":3,"minecraft:crouch_one_cm":2706,"minecraft:play_one_minute":27084,"minecraft:deaths":1,"minecraft:sneak_time":1063,"minecraft:walk_under_water_one_cm":186,"minecraft:jump":253,"minecraft:walk_on_water_one_cm":799,"minecraft:leave_game":2,"minecraft:time_since_death":24661,"minecraft:climb_one_cm":1835,"minecraft:fall_one_cm":7985},"minecraft:picked_up":{"minecraft:spruce_sapling":1,"minecraft:wither_skeleton_skull":1,"minecraft:dirt":40,"minecraft:wheat_seeds":1,"minecraft:oak_button":2,"minecraft:snowball":8},"minecraft:used":{"minecraft:netherite_sword":8,"minecraft:water_bucket":8,"minecraft:wither_skeleton_skull":1,"minecraft:golden_apple":9,"minecraft:dirt":20,"minecraft:anvil":1,"minecraft:bow":25,"minecraft:bucket":8,"minecraft:netherite_pickaxe":3,"witherstormmod:command_block_sword":3},"minecraft:mined":{"minecraft:grass":2,"minecraft:grass_block":5,"minecraft:vine":1,"minecraft:dirt":4,"minecraft:wither_skeleton_skull":1},"minecraft:dropped":{"minecraft:dirt":2,"minecraft:netherite_pickaxe":1,"minecraft:netherite_sword":2,"minecraft:netherite_chestplate":1,"minecraft:netherite_boots":1,"minecraft:netherite_helmet":1,"minecraft:arrow":64,"minecraft:bow":1,"minecraft:totem_of_undying":4,"minecraft:golden_apple":32,"minecraft:netherite_leggings":1}},"DataVersion":2586}