{
  "__COMMENT1": "To apply this configuration to all newly generated worlds",
  "__COMMENT2": "please place this configuration file into your config directory",
  "__COMMENT3": "with the following name: cpm-server-default.json",
  "skins": {},
  "player_scaling": {
    "fe688c10-2f23-3bc6-ba67-058b154ab19e": {},
    "aec9e225-c9a3-3522-a43b-a20075484fc4": {}
  },
  "player_scaling_settings": {},
  "scaling_settings": {
    "motion": {},
    "mob_visibility": {},
    "defense": {},
    "attack_knockback": {},
    "flight_speed": {},
    "knockback_resist": {},
    "reach": {},
    "health": {},
    "attack_speed": {},
    "attack_dmg": {}
  }
}